{
  "sections": {
    "multicolumn": {
      "type": "multicolumn",
      "blocks": {
        "column1": {
          "type": "column",
          "settings": {}
        },
        "column2": {
          "type": "column",
          "settings": {}
        },
        "column3": {
          "type": "column",
          "settings": {}
        }
      },
      "block_order": [
        "column1",
        "column2",
        "column3"
      ],
      "settings": {
        "title": ""
      }
    }
  },
  "order": [
    "multicolumn"
  ]
}